{
    "accuracies": {
        "CNN": 0.9817102137767221,
        "NN": 0.8227236737925574,
        "SVM": 0.6542359461599366,
        "RANDOMFOREST": 0.6307205067300079,
        "KNN": 0.37133808392715756,
        "ADABOOST": 0.16682501979414094,
        "KMEANS": 0.2060965954077593
    },
    "macro_aucs": {
        "CNN": 0.99987754744488,
        "NN": 0.9773211764401232,
        "SVM": 0.9629498922480748,
        "RANDOMFOREST": 0.9371926685518026,
        "KNN": 0.7147615901624927,
        "ADABOOST": 0.7446262938360004
    }
}