{"CNN": 864.6733169555664, "SVM": 75.77399110794067, "RANDOMFOREST": 20.352197885513306, "KNN": 0.004452228546142578, "ADABOOST": 13.096601724624634, "KMEANS": 0.19828128814697266, "NN": 5.0272369384765625}